Spacing(m),Burden (m),Powder Factor(kg/m3),MCPD (kg/D),Seis. Dist. (m),PPV MON
3,3,0.57,113,360,10.5
3.2,2.8,0.52,35,315,2.75
3,3,0.35,28.44,410,1.45
3.5,2.8,0.33,43.33,465,0.992
3.8,3,0.32,50,290,5.12
4.2,3.2,0.41,82.45,310,9.09
3.2,2.8,0.45,23.33,400,6.86
3,2.5,0.44,39.77,480,1.44
3,3,0.57,157.14,465,0.579
4.2,3.2,0.42,172.6,410,3.41
3.2,2.8,0.49,26.23,310,2.03
3.2,2.8,0.56,37.5,400,6.86
3.2,2.5,0.54,82.54,470,0.945
4,3,0.46,83.33,370,1.91
3.5,2.8,0.47,60,280,12.2
4,3,0.41,78.68,400,2.29
3,3,0.47,62.5,380,2.16
4,2.8,0.42,57.14,470,0.881
4,3,0.46,83.33,480,0.635
3,3,0.36,32.84,480,0.627
3.2,3,0.51,86.44,390,0.889
3.2,2.8,0.57,101.8,370,2.14
3.2,2.8,0.56,64.6,300,1.52
3.2,2.8,0.51,33,490,0.889
3.5,3,0.49,116.76,385,2.67
3,3,0.58,156.94,430,2.94
3.2,3,0.6,92.86,330,0.532
3.2,3,0.49,121.88,383,1.83
4,3,0.53,136.36,430,4.34
3.2,3,0.54,77.08,410,1.15
3.1,3.5,0.59,192.2,391,0.611
3.5,3,0.5,89.74,490,1.09
3,3,0.46,50,350,1.61
4,3,0.42,71.55,460,1.6
3.5,3.2,0.53,176.66,385,1.64
3.2,3,0.59,42.5,340,1.47
4.2,3.2,0.43,87.5,410,4.39
3.5,3,0.36,41.66,410,2.88
3,3,0.43,27.27,380,1.55
3,3,0.57,41.4,310,5.2
3.2,2.8,0.45,52.5,320,4.5
3.5,3.2,0.57,193.18,370,4.29
3.2,2.8,0.42,27.92,380,4.91
3.5,3.2,0.5,85.64,540,1.17
3.2,2.8,0.53,28.6,340,1.4
3.2,3,0.47,33.8,340,1.4
3.5,3,0.42,45,365,2.75
3.5,3,0.37,63.58,480,1.31
4,3,0.28,13.75,230,0.635
3,2.5,0.37,33.34,410,4.32
3.5,3,0.4,51.92,440,0.754
3.2,2.8,0.34,31.4,295,3.81
3,3,0.26,11.42,360,2.07
4,3,0.42,75.67,390,3.68
4,3,0.39,71.87,290,4.83
3.2,2.8,0.42,45.26,405,1.65
3,3,0.52,52.56,302,3.31
3.2,2.8,0.4,42,280,2.67
3.5,3.2,0.42,134.62,450,0.611
4,3,0.43,136.36,420,1.21
3,3,0.31,42.12,432,0.532
3.5,3,0.47,28,50,0.659
4.2,3.2,0.42,169.81,420,3.41
3,3,0.48,43.42,390,1.44
4,3,0.5,102.4,420,1.61
4,3,0.37,50,390,1.4
3,2.5,0.24,7.14,330,0.889
3,2.8,0.47,21.25,320,2.79
3.5,3.2,0.58,97.5,480,1.55
3,3,0.37,16.66,380,0.643
3,3,0.26,8.33,340,1.91
3,3,0.45,37.03,350,2.73
4.2,3.2,0.43,175.67,340,0.88
3.5,3.2,0.49,82.5,410,2.63
3.2,2.8,0.47,31.25,390,0.754
3.2,2.8,0.55,27,350,1.96
3.5,2.8,0.37,35,80,9.33
3.3,2.6,0.36,12.5,110,2.52
3.3,2.6,0.37,12.8,110,4.06
3,3,0.44,40,80,6.07
3,3,0.37,33.32,290,1.5
3,3,0.47,42.5,340,1.2
3.2,2.8,0.47,50,390,0.754
3.2,2.8,0.45,48.62,290,1.56
3.5,3,0.5,158.63,310,3.41
4,3,0.39,55.47,490,0.849
3,3,0.54,65.57,390,2.71
3.3,2.6,0.32,12.5,410,1.32
3.5,3.2,0.49,83.33,330,9.42
4,3,0.32,41.17,420,0.579
3,2.8,0.56,85.84,390,0.849
3,3,0.36,16.42,280,1.18
3,3,0.58,37.03,340,1.94
4,3,0.44,159,360,2.16
3.5,3.2,0.49,163.64,380,0.762
3.2,2.8,0.49,54.76,391,4.83
3.2,2.8,0.42,45,395,1.91
4,3,0.39,94.64,370,2.92
3,3,0.53,67.3,380,1.2
3,3,0.37,26.66,280,0.91
3.2,2.8,0.48,54,NA,NA
3.2,2.8,0.4,27.42,230,1.27
3.5,3.2,0.53,176.92,320,1.52
3.2,2.8,0.55,86.12,390,1.14
3.8,3,0.51,131.81,360,1.4
3.2,2.8,0.57,71.24,370,1.78
3.5,3.2,0.52,86.59,410,1.65
3,3,0.52,33.36,380,1.39
3,3,0.52,33.36,340,2.8
3.5,3,0.49,118.4,380,1.02
3,3,0.25,23.37,230,0.759
3,3,0.36,21.8,NA,NA
3.2,2.8,0.42,45.56,310,2.92
3.5,3.2,0.46,153.84,370,1.91
4,3,0.43,156.66,280,3.5
4,3,0.49,177.63,380,0.889
3,3,0.43,35.48,380,2.9
3.5,3,0.31,42,380,1.42
3.5,3,0.44,28.12,370,1.28
3.5,3,0.48,85.48,365,2.28
3.2,2.8,0.4,51,410,1.39
4,3,0.43,83.33,400,1.64
3,3,0.41,30,370,1.39
3,3,0.52,33.33,365,1.93
3,3,0.52,33.33,365,1.93
4,3,0.48,173.8,280,0.0397
3.2,2.8,0.51,36.9,250,3.05
4,3,0.41,75.06,200,10.8
4,3,0.44,160,370,4.83
3,3,0.44,16.6,280,3.05
3.2,2.8,0.3,22.22,NA,NA
3.8,2.8,0.41,48.78,430,2.26
3.4,2.7,0.4,33.75,350,1.18
3,2.5,0.5,22.5,370,0.88
3,3,0.52,33.33,320,4.33
3,3,0.43,30.55,380,1.21
3.5,3,0.56,178.9,380,2.03
4.3,3.5,0.36,94.35,398,4.77
3.5,3.1,0.65,208.6,450,2.1
2.5,2.5,0.41,23.7,316,4.85
3.2,3,0.5,73.2,590,1.9
3,2.5,0.47,28,570,0.516
3,3,0.56,71.42,268,6.93
3,2.5,0.55,50,615,0.897
3,3,0.51,29.86,373,6.41
4,3,0.39,61.66,300,3.5
3,2.5,0.59,54.38,360,8.34
4,3,0.46,82.95,162,6.66
3,2.5,0.59,70.53,530,5.09
3,2.5,0.66,89.12,606,0.706
3.2,2.8,0.5,31.25,522,0.897
3.5,3,0.31,29.16,311,4.52
4.2,3.2,0.49,191.14,482,2.96
3.2,3,0.6,86.96,584,0.722
3.5,2.8,0.34,24.23,380,0.722
3.5,2.8,0.44,41.27,496,0.691
3.2,2.8,0.51,84.02,562,1.8
3.5,3.1,0.5,80.74,524,0.055
3,3,0.61,167.27,644,5.47
3,3,0.2,7.37,251,2.29
3,3,0.52,24.06,679,4.18
4,3.5,0.44,117,679,4.18
3,3,0.57,120,578,1.23
3,2.5,0.19,11.12,584,1.79
4.2,3.2,0.45,182.73,521,13.6
3,3,0.48,24.35,426,4.14
2.5,2.5,0.44,25,546,1.42
3,3,0.48,26.38,520,0.643
2.5,2.5,0.63,26.56,486,1.14
3,3,0.47,51,730,0.913
3.2,2.8,0.46,27.9,490,0.627
3,2.5,0.41,17.79,470,1.17
4,3.2,0.45,174.46,300,8.37
4,3,0.41,73.58,280,5.23
3,3,0.57,45.83,310,2.06
3,3,0.57,108.42,480,0.722
3,3,0.64,97.6,280,4.48
3.5,3,0.55,150,365,1.15
3,2.5,0.31,7,330,0.516
3,2.5,0.26,5.8,305,0.516
3.5,3,0.54,85.16,270,1.26
4.2,3.2,0.55,122.22,340,3.45
3.5,3,0.49,125,390,1.23
3,3,0.47,19.6,255,2.04
3,3,0.48,26.06,410,1.02
3.5,3,0.57,112.5,365,0.669
3.5,3.2,0.55,92.5,420,0.992
3.5,3.2,0.55,92.16,460,0.135
3.2,2.8,0.56,36.36,460,0.135
3,3,0.43,85.32,370,0.699
3,3,0.33,14.13,295,0.818
4.2,3.2,0.34,110,370,2.18
3,2.5,0.41,24.4,290,0.738
3.2,3,0.42,55.61,430,0.738
3.8,3,0.33,56.34,360,1.14
4.2,3.2,0.38,56.89,270,1.15
4,3.5,0.41,146.34,365,1.15
3,3,0.41,18.54,265,2.29
3,3,0.57,41.42,270,1.9
3.2,2.8,0.47,27.38,415,0.714
4.2,3.2,0.49,160.71,434,0.714
3,3,0.37,33.36,278,0.945
3,3,0.52,66.72,285,0.706
3.5,3,0.51,53.33,315,2.15
3.2,2.8,0.45,24.49,385,1.26
3,3,0.51,27.94,235,2.06
3,3,0.41,19.36,310,1.55
3.5,2.8,0.41,28.78,260,0.897
3,3,0.53,115.09,287,2.36
3.5,3,0.41,50,430,1.65
4,3,0.52,102.73,370,1.9
3.4,2.7,0.39,13.88,410,1.26
3,3,0.48,17.36,250,2.04
3,3,0.49,22.05,310,4.48
3,3,0.52,33.33,310,4.48
3,3,0.59,63.79,390,2.75
3.5,3.2,0.6,203,380,3.56
3.2,2.8,0.42,45,350,3.56
3.5,3,0.42,90.2,510,1.47
4,3,0.49,173.07,310,1.52
3,3,0.39,28.56,400,1.09
3.2,2.8,0.47,50,390,0.88
3,3,0.44,15.9,340,1.45
3,3,0.55,34.67,330,1.45
3.2,2.8,0.5,67.6,220,1.8
4,3,0.41,91.01,430,1.39
3.5,2.7,0.33,25.28,450,1.39
3.5,3,0.44,140,390,0.76
3.2,2.8,0.6,130,365,2.16
2.8,2.6,0.22,11.12,370,2.29
3,3,0.57,36,310,3.29
3,3,0.39,28.32,250,4.36
3,3,0.58,105.62,470,1.6
3.5,3,0.49,83.4,320,1.02
3,3,0.36,25,340,1.9
3,3,0.6,100,410,1.1
3.2,2.8,0.55,44.23,420,1.52
3.5,3,0.51,162.5,350,1.02
3,3,0.52,33.33,420,1.7
4,3,0.38,73.11,370,1.4
3,3,0.59,82.3,245,1.02
3,3,0.22,20,384,0.63
3.2,2.8,0.65,58.33,370,1.91
3.5,3.2,0.52,87.86,380,3.18
3,3,0.3,25,290,2.16
3,3,0.54,77.84,510,0.7
3,3,0.38,17.5,370,0.8
4,3,0.47,125,360,1.65
3.5,3,0.48,101.78,360,2.41
3.5,3,0.5,95.31,360,1.4
3.2,2.8,0.52,28.13,340,1.27
3.5,3,0.39,25,280,5.36
3.5,3,0.48,35.48,310,5.36
3,3,0.35,22.1,400,0.67
2.8,3,0.59,122.66,540,1.96
3.5,3,0.36,53.57,490,0.77
3,3,0.51,98.83,550,0.516
3,3,0.3,22.22,450,1.82
2.5,3,0.43,30,380,NA
4,3,0.47,135.7,740,4.6
3.5,3,0.28,27.02,280,3.83
3.5,3,0.27,26.31,240,1.94
3,3,0.47,47.29,480,NA
3,3,0.61,88.88,390,1.52
3.5,3,0.55,50.31,450,1.56
3.2,2.8,0.41,44.32,380,1.28
3.5,3,0.42,80.83,410,3.87
3.5,3,0.49,41.44,220,9.39
3.5,3,0.39,33,210,9.09
3,3,0.3,12.5,220,14.8
3,3,0.15,14.28,250,3.6
3,3,0.43,31.25,260,7.85
3.3,2.8,0.48,22.32,310,3.36
3.2,3,0.68,83.47,370,1.14
3,3,0.4,43.87,390,1.9
4.3,3.2,0.45,187.5,430,2.23
3,3,0.45,20.34,360,2.36
3.5,3,0.62,97.22,440,0.929
3.2,2.8,0.45,32,360,3.5
1.25,1,1.11,22.22,400,3.15
3,3,0.61,166.8,390,1.87
3,3,0.25,27.28,380,2.58
3.3,2.7,0.43,22.5,350,1.15
4,3.5,0.36,145.24,370,2.83
3.5,3,0.54,150,200,12.3
3,2.8,0.41,38.18,280,5.56
2.5,2,0.38,30,325,NA
3,3,0.59,42.59,280,5.15
3,2.8,0.51,66.72,250,5.6
3,2.7,8.33,16.66,250,0.849
3,3,0.33,40,290,2.04
3.5,3,0.49,94.44,340,2.6
3,3,0.53,28.97,290,4.31
3,3,0.39,21.15,300,1.9
3.2,2.8,0.4,57.7,370,2.5
3.5,3,0.53,168.52,390,2.61
3.5,3,0.5,157.5,320,4.69
3,2.5,0.57,46.66,280,3.68
4,3.5,0.34,143.45,320,2.37
3.5,3,0.58,184,360,2.09
3.2,2.8,0.42,35.92,410,2.1
4,3.5,0.29,44.48,340,NA
3,3,0.44,79.26,290,1.37
3.5,3,0.46,147.7,350,0.659
3.2,2.8,0.36,36,380,2.53
3.2,2.8,0.57,71.4,310,0.75
3,2.5,0.14,8.33,330,0.75
3.5,3,0.51,102.5,320,3.18
3,3,0.57,41.66,360,3.07
4.2,3,0.44,166.66,350,3.52
3,3,0.62,163.49,430,4.19
3,2.8,0.55,80.2,340,2.5
3.5,3,0.4,125,370,1.65
3.2,2.8,0.41,58.34,390,1.65
4,3,0.49,178.42,380,2.41
3,2.5,0.6,22.5,350,2.41
3.5,3,0.46,55.88,410,2.16
3.8,3,0.52,90.62,310,9.65
4,3,0.47,135.71,330,9.65
3,3,0.49,31.42,340,1.69
3.2,2.8,0.46,37.33,420,2.42
3,3,0.56,111.3,390,3.48
3,3,0.6,76.56,370,2.41
3,3,0.44,23.88,310,1.88
3.3,3,0.53,118.29,290,8.17
2,2,1.13,36.11,360,NA
3.5,3,0.46,48.78,345,1.37
3,3,0.59,41.7,370,1.48
2.5,3,0.51,72.72,320,1.94
3,3,0.5,93.93,330,1.93
4.2,3.2,0.46,189.3,310,5.75
3,3,0.057,2.78,305,NA
3.5,3,0.43,82,440,NA
3.5,3,0.35,33.77,260,6.18
4,3,0.4,96.15,370,1.71
3.5,3,0.31,46.87,320,0.84
3.5,3,0.4,40,290,4.68
3.3,3,0.44,85,380,1.36
3,3,0.37,54.54,290,0.91
4,3.2,0.43,116.66,340,1.12
4,3,0.43,105,320,1.71
4,3,0.52,152.14,330,9.52
3.5,3,0.43,27.5,310,2.82
4.2,3.2,0.39,158.82,370,2.47
3.5,3,0.45,96.29,390,0.59
3.5,3,0.45,96.29,320,1.04
3.5,3,0.45,47.8,480,1.21
3.2,2.8,0.3,10.46,330,1.36
3.5,3,0.4,85,410,3.63
3.5,3,0.5,42.42,360,1.25
3.5,3,0.57,180.44,390,5.04
3.5,3,0.59,62.5,460,0.73
3,3,0.45,24.3,270,2.07
3.5,3,0.43,136,400,0.73
4,3,0.51,121.56,390,1.1
3.5,3,0.42,133.33,390,0.94
4.2,3.2,0.36,145.23,430,2.03
2.7,2.5,0.94,191.07,360,2.67
3,3,0.44,27.97,290,2.16
4,3,0.54,183.75,400,2.16
3,3,0.45,28.4,NA,NA
3.5,3,0.59,55.55,360,3.56
3,3,0.39,14.28,360,NA
3.5,3,0.59,56.25,350,3.56
3.5,3,0.5,63.38,420,0.508
3.5,3,0.52,132.85,300,4.32
2.5,2,0.85,21.43,320,1.14
2.3,1.9,0.92,52.6,340,1.52
3,3,0.51,26.17,320,3.18
2.5,1.8,1.26,60.6,320,0.762
3.5,3,0.56,125,325,1.02
3.5,3,0.23,50,315,0.762
2.8,2.5,0.56,18.48,330,1.07
2.5,2,0.61,15.33,380,0.579
3.5,3,0.62,55.46,320,1.65
3.5,3,0.51,55.55,320,3.31
3,2.5,0.58,109,320,1.4
3.5,3.2,0.48,144.44,325,3.99
3,3,0.51,70.82,280,9.56
3,3,0.38,13.75,300,4.02
3.2,2.8,0.52,60.62,250,12
3,2.5,0.38,12.82,400,0.452
3.2,2.8,0.54,48.43,380,2.07
3,2.5,0.65,39.28,475,0.675
3,2.5,0.65,34.24,400,0.5
3,2.6,0.53,35.34,410,0.627
3,2.5,0.6,38.63,410,2.17
3,3,0.33,15.2,420,0.945
3,3.5,0.51,107.6,390,1.82
3.8,2.7,0.45,27.77,350,3.2
3,3,0.56,53.12,405,0.627
3,3,0.15,13.45,390,0.738
3.5,3,0.55,113.03,375,0.833
3.2,2.8,0.67,66.78,420,0.675
3.5,3,0.46,145.94,380,1.01
3.5,3,0.45,140,350,1.4
3.5,3,0.5,105.7,390,0.754
3,3,0.48,87.5,360,1.6
2.8,2.5,0.57,26.6,340,2.58
3,2.5,0.61,50,340,1.28
1.5,1.5,1.6,36.11,350,NA
3.2,2.5,0.65,52.78,390,1.1
3.5,3,0.57,180.3,340,2.42
3,3,0.54,68.86,380,2.55
4,3,0.55,140.29,395,4.06
4,3,0.55,140.29,395,4.06
3,3,0.55,42.24,350,3.43
3,3,0.52,32.18,340,2.79
4,3,0.46,84.07,310,9.82
3,3,0.56,152.5,320,3.44
3.5,3,0.54,150,380,2.16
3,2.8,0.41,35.72,410,2.48
3,2.8,0.44,37.04,410,2.48
3.5,3,0.56,159.09,390,0.627
3,2.5,0.53,46.28,360,1.94
3.5,3,0.53,124.07,390,3.02
3,3,0.48,30.58,360,3.29
3,3,0.62,78.84,380,1.17
3,3,0.46,25,350,1.52
3.2,2.8,0.46,66.3,320,2.06
4,3,0.44,158.72,380,1.87
3,2.5,0.37,22.24,410,1.42
4,3,0.49,121.62,380,2.03
4,3,0.35,43.125,360,2.03
3.3,2.8,0.52,70.65,380,1.52
3,3,0.44,28.33,350,1.1
3,3,0.44,22.22,340,0.786
3,3,0.54,82.84,350,0.818
3,2.8,0.43,18.47,360,0.96
3,3,0.51,119.5,360,1.74
3.5,3,0.32,74.32,340,2.39
3.3,3,0.55,105.88,330,1.01
3.5,3,0.51,105.5,350,3.37
3,3,0.56,111.42,380,0.77
4,3,0.42,122.96,430,0.706
3,2.5,0.55,75,390,1.53
3,2.5,0.46,31.24,390,2.69
3.2,2.8,0.45,29.33,430,0.96
3,3,0.61,118.18,320,2.09
3,3,0.52,28.12,380,1.93
1,0.9,1.79,24.14,280,1.23
3,3,0.23,16.68,280,1.23
3.5,3,0.49,156.26,380,2.85
3.2,2.8,0.52,56.25,370,1.09
3.5,3,0.46,96.54,370,1.09
3,3,0.54,41.6,300,2.07
3.25,3,0.53,155.68,300,1.94
3,3,0.52,100.8,355,2.2
3.5,3,0.47,78.57,350,1.63
3.6,3.2,0.41,62.29,350,2.55
3,3,0.49,62.5,280,3.45
3,3,0.6,108,390,0.722
3,3,0.48,45.4,429,0.548
3,3,0.48,37.5,280,3.69
3,3,0.59,75,380,0.786
3.2,2.8,0.49,104.32,380,5.97
3.2,3.2,0.48,196.4,340,4.83
3,3,0.5,25.02,360,1.14
3,3,0.53,33.54,350,1.52
3,3,0.54,116.012,350,1.65
3.5,3,0.5,163.32,410,2.29
3.5,3,0.17,14.77,320,1.4
3,2.5,0.18,5.56,309,0.5
3.5,3,0.52,166.8,410,1.78
3.5,3,0.56,120.96,450,3.43
3.5,3,0.6,189.64,390,1.65
3,3,0.45,32.6,390,1.02
3,3,0.59,46.66,460,0.76
3.5,3,0.4,63.33,380,2.54
3.5,3,0.49,120.82,380,1.27
3.6,3.2,0.47,164.78,280,7.24
3,3,0.46,25.25,380,0.889
3,2.5,0.53,72.22,430,NA
3,3,0.55,100.08,410,0.762
3,3,0.4,54,250,6.6
3.6,3.2,0.52,90,390,1.36
3,3,0.42,38.33,430,1.42
3,3,0.61,48.61,340,3.21
3.5,3,0.49,77.78,440,0.929
4,3,0.41,150,390,4.06
4,3,0.34,25.02,380,2.29
3,2.8,0.17,8.56,340,1.02
3,2.8,0.09,5,340,1.02
3.5,3,0.51,80.55,NA,NA
4,3,0.34,70,360,1.83
3.5,3,0.44,69.44,430,0.913
4,3,0.35,103.79,480,0.119
4.2,3.2,0.311,125.61,260,8.49
3.8,3.3,0.36,136.36,290,2.67
3.5,3,0.41,76.66,300,2.16
3.6,3.2,0.56,195.6,320,3.64
3.2,2.8,0.44,40,230,2.1
3.6,3.2,0.48,167.22,280,10.2
3.8,3.3,0.32,77.96,380,1.79
3.5,3,0.4,127.5,250,4.06
3.2,2.8,0.6,96.84,360,0.405
2.5,2,0.25,7.5,420,1.21
3.2,2.8,0.39,42.5,420,1.21
3,2.5,0.22,11.76,390,NA
3.6,3.2,0.4,140.7,350,4.19
3.5,3,0.44,130.42,380,2.9
3.5,2.8,0.35,20.83,220,1.4
3,3,0.28,11.47,220,3.34
4.2,3.2,0.5,204.08,240,6.6
3.6,3.2,0.4,141.66,290,1.29
3,2.5,0.31,23.68,390,NA
3,3,0.44,36.14,380,3.21
3,3,0.48,38.92,400,2.79
3.5,3,0.52,166.16,380,0.992
3.8,3.3,0.44,166.8,380,3.3
3,2.8,0.29,11.29,220,2.54
3,2.8,0.42,44,390,2.41
3,2.8,0.43,43.6,300,1.25
3,2.5,0.6,95.6,380,1.1
3,3,0.5,77.27,390,3.69
3.5,3,0.48,132.15,490,2.52
3,2.8,0.43,29.3,380,2.01
3,3,0.38,42.1,340,0.76
4.1,3.1,0.42,81.45,380,3.29
3.5,3,0.42,134,440,1.52
3,3,0.53,38.46,390,1.1
3.5,3,0.52,166.8,210,6.22
3.6,3.5,0.23,45,380,2.85
4,3,0.37,81.25,480,3.43
3.3,2.8,0.3,33.36,380,2.54
3,2.8,0.38,56.66,310,1.34
3,2.5,0.37,33.13,680,NA
4,3,0.45,104,280,4.63
3.5,3,0.34,53.75,380,3.23
3,2.5,0.41,25,320,0.516
3,3,0.34,50,360,2.2
4,3.5,0.34,71.42,340,2.39
3.8,3.5,0.39,52.9,380,1.39
3,3,0.29,41.66,360,0.437
3,3,0.37,40,420,3.14
3.5,3,0.59,100,340,1.39
3,3,0.34,25,360,NA
3,2.8,0.44,45.28,340,4.79
3,3,0.39,57.14,360,NA
1.5,1.5,0.55,10,310,NA
3.2,2.8,0.34,37.08,420,0.548
3,2.5,0.45,41,320,4.53
2.5,2,0.8,33.3,300,NA
1,1,3.88,175,310,NA
1.5,1.5,1.2,72.8,340,NA
4,3,0.5,183.33,390,7.14
3,3,0.55,100,340,1.15
3,3,0.57,78.4,290,2.42
3,2.5,0.5,38,310,3.36
3,2.5,0.48,42.58,360,1.83
3.2,2.8,0.46,66.06,330,3.36
3.6,3.2,0.55,191.34,370,9.45
3.3,2.5,0.57,66.66,200,3.6
3.2,2.8,0.58,84.2,320,1.34
3.5,3.2,0.53,179.2,410,3.21
3.2,2.8,0.53,67.4,385,3.25
2,2,0.31,20.36,340,NA
4,3,0.47,170.72,390,2.79
3.5,3,0.58,185,400,1.56
2.5,2.2,0.75,58.12,360,2.53
3,3,0.55,75,123,16.2
3,3,0.55,75,123,21.6
3.2,2.8,0.48,51.66,380,1.61
3.5,3,0.36,45,390,0.889
3,3,0.55,75,330,8.89
4,3,0.49,178.84,360,1.65
3,3,0.23,8.34,330,0.889
3,2.5,0.61,63.04,480,1.14
3,2.6,0.5,54.76,380,3.3
3.5,3,0.25,79.3,460,3.94
3.5,3,0.44,148.34,480,4.19
3.5,3,0.48,153.56,480,3.05
3,3,0.55,75.4625,410,0.889
3.5,3,0.43,129.68,480,1.91
3,2.5,0.46,41.8,430,6.22
3,2.5,0.51,57.26,440,6.22
3.5,3,0.6,189.46,520,2.03
3.5,3,0.53,172.58,510,1.78
3,3,0.62,83.4,620,NA
3.5,3,0.52,165,390,3.18
3,2.5,0.554621849,58.22,360,1.4
1.5,1.5,1.296296296,29.16,290,1.02
3,3,0.62962963,102,560,1.14
3,3,0.638569604,83.33,330,2.54
4,3,0.546328671,144.23,420,3.18
3,2.5,0.621956854,NA,NA,NA
3.5,3,0.620039683,195.3,330,4.7
3.5,3,0.622582728,194.72,460,5.72
2.75,2.5,0.546896363,64.5,360,4.32
3,2.5,0.579712665,57.14,320,4.32
3,2.5,0.620808765,68.8,300,5.97
4,3,0.525362319,189.13,320,3.94
3,2.5,0.61,67.64,340,4.45
3.3,3,0.65,176.74,420,3.3
3.5,3,0.412087912,51.92,410,3.81
4,3,0.55,99.34,280,4.83
3.4,3.2,0.64,282.42,385,5.08
3,2.5,0.57,57.76,340,3.43
4,3,0.49,196.56,400,3.18
3,2.5,0.46,34.72,430,1.78
4,3,0.58,175.67,378,4.7
3,2.5,0.62,65.44,370,6.86
3,2.5,0.64,68.18,350,6.86
3,2.5,0.56,39.06,390,1.14
3,2.5,0.3,56.52,340,7.11
3,2.5,0.48,43.86,360,2.41
3.5,3,0.42,67.85,460,2.16
3.2,3,0.52,110.7,370,11.3
3.5,3,0.6,202.14,410,4.7
3,2.5,0.72,75.8,290,8.89
3,3,0.56,76.56,430,1.4
3,2.5,0.44,30,510,NA
3,3,0.53,152.77,320,8.76
3,2.5,0.57,51.5,660,NA
3,2.5,0.55,50,320,10.5
3,2.5,0.51,54.28,260,9.78
3,3,0.56,81.58,280,4.19
3.5,3,0.54,152,360,3.3
3.5,3,0.3,53.19,610,1.27
3.5,3,0.34,36.45,380,1.4
3,3,0.47,69.56,410,2.67
3,2.5,0.55,55.08,640,1.02
3.2,2.8,0.6,112.24,580,4.06
4,3,0.4,155.88,390,4.57
4,3,0.38,146.66,450,2.41
4,3,0.44,159.67,580,1.78
3,3,0.35,51.02,280,7.87
2.5,2.5,0.34,16.66,580,1.52
3,3,0.45,69.4,315,3.05
3,2.5,0.63,66.66,640,1.4
3,3,0.56,122.91,290,2.79
3,3,0.42,52.94,310,4.7
3.5,3,0.5,126.8,430,2.29
3.5,3,0.54,127.27,480,1.78
4,3.5,0.4,168.32,460,6.1
3,3,0.52,93.74,450,2.16
4.2,3.2,0.47,308.38,450,3.81
3,3,0.4,51.3,380,12.8
3.5,3,0.42,35.71,430,2.16
3,3,0.46,50,420,1.91
4,3,0.56,231.8,410,3.43
3,3,0.6,95.74,510,NA
3.5,3,0.53,124.35,480,1.91
3.5,3,0.39,41.02,550,2.41
3,3,0.69,125.74,530,2.41
4,3,0.59,288.34,380,5.72
4,3,0.56,216.67,370,2.16
3,3,0.51,83.74,530,NA
3.2,3,0.66,181.57,410,1.27
3.2,2.8,0.39,77.14,350,5.21
3.2,2.8,0.44,77.79,360,2.54
3,2.5,0.5,48.28,380,2.54
4,3,0.43,209.16,410,4.06
3.75,3.25,0.5,172.5,540,NA
3.5,3,0.12,7.14,570,NA
3.5,3,0.62,300.67,310,6.35
3.5,3,0.51,152.17,470,1.91
3,2.5,0.45,33.56,240,4.19
3.5,3,0.57,146.51,410,1.91
3.6,3.2,0.55,228.12,380,1.65
3.6,3.2,0.62,225.58,570,0.889
3,2.5,0.55,46.67,340,1.4
3.5,3,0.52,55,320,3.3
3.5,2,0.66,120,151,4.99
3.6,3.2,0.64,268.75,NA,NA
3,2.5,0.45,40,NA,NA
3.5,3,0.52,142.59,NA,NA
3.5,3,0.57,155,340,1.91
4,3,0.47,261.68,430,5.97
3.5,3,0.54,125.94,NA,NA
2.5,2,0.43,31.47,NA,NA
3,3,0.51,69.44,NA,NA
3.5,3.2,0.55,92.62,340,2.79
3.5,3,0.45,66.6,420,3.43
3,2.5,0.55,61.86,280,6.99
3,3,0.51,65,420,1.02
3,2.7,0.68,166.66,360,1.14
3,3,0.44,24.19,410,3.18
3,3,0.55,37.5,370,4.95
4.2,3.2,0.53,361.76,390,3.38
4.2,3.2,0.42,285/75,NA,NA
4,3,0.71,345.16,NA,NA
3,3,0.59,101.72,NA,NA
3.5,3,0.45,133.92,NA,NA
3,3,0.52,62.5,NA,NA
4,3,0.53,245.7,NA,NA
3,3,0.55,80,NA,NA
3,3,0.6,128.78,NA,NA
3,3,0.37,33.33,NA,NA
3.5,3,0.52,90.2,NA,NA
3,3,0.55,74.03,400,0.889
3,3,0.56,105,430,3.3
3,2.5,0.57,77.77,400,2.16
3.5,3,0.69,176.3,450,1.14
3,3,0.63,125,430,1.78
3,2.5,0.69,83.22,410,1.65
3,3,0.67,107.3,340,8.26
3,2.6,0.6,56.8,360,8.26
3.1,2.8,0.64,114.75,380,9.4
3.6,3.2,0.68,300,380,7.11
4,3.3,0.63,400,410,5.46
3.5,3,0.59,113.33,530,2.03
3.5,3,0.5,150,400,2.41
3.6,3.2,0.67,313.32,400,4.06
4.2,3.2,0.52,285.55,300,7.87
3.2,3,0.46,123.52,370,8.51
3.6,3.2,0.51,150,460,1.52
3.6,3.2,0.5,148.36,390,13.3
3.6,3.2,0.57,175,380,7.75
3.6,3.2,0.57,280.26,370,6.35
3.8,3.3,0.59,410,450,7.11
3,2.5,0.64,84.25,620,NA
3,3,0.49,40.47,600,NA
3,2.8,0.35,32.55,580,NA
3,3,0.56,91.8,430,1.14
3.5,3,0.45,76.08,400,1.02
3.6,3.2,0.54,187.5,450,1.52
2.5,2.5,0.37,18.82,240,3.18
3.2,2.8,0.53,44.27,590,1.14
3.8,3.2,0.63,166.66,510,7.49
3.5,3,0.52,83.32,510,0.762
3.6,3.2,0.5,174.7,390,5.08
3.75,3.25,0.48,146.8,440,1.27
3.75,3.25,0.49,180,470,1.27
3.6,3.2,0.63,204.76,470,0.508
2.8,2.5,0.57,40.32,410,3.43
3,3,0.47,75,470,5.21
3.6,3.2,0.55,265.14,430,6.35
3.5,3,0.6,188.68,480,3.81
3.6,3.2,0.49,167.44,380,2.54
3.6,3.2,0.54,272.64,360,7.75
3.5,3,0.52,77.27,510,3.56
4,4,0.48,116.76,330,7.75
3.5,3,0.46,94.44,530,1.78
3,2.5,0.53,43.02,430,0.635
3,2.5,0.61,73.68,370,4.7
3.5,3,0.54,53.37,NA,NA
3.2,3,0.68,197.82,NA,NA
3.5,3,0.55,106.6,430,2.79
3.8,3,0.59,167.5,310,5.08
3.6,3.2,0.63,251.46,360,5.72
3.6,3.2,0.57,225,410,3.18
3,2.5,0.5,40.54,450,0.635
3.2,3,0.66,152.16,350,3.18
3,3,0.52,56.94,420,1.4
3.6,3.2,0.53,179.16,150,27.4
4,3,0.45,131.56,330,3.18
3.2,2.5,0.6,30.88,350,1.14
3,3,0.53,86.1,200,2.79
4,3.5,0.44,314.28,340,5.72
3.6,3.2,0.59,273.9,380,1.27
3.6,3.2,0.54,250,300,3.94
3.6,3.2,0.54,186.78,400,3.18
3.5,3,0.58,116.66,280,9.4
3.5,3,0.62,104.16,230,13.7
2.8,2.5,0.39,13.88,235,13.7
3.6,3.2,0.56,241.68,360,4.32
3,3,0.42,77.76,370,3.18
3,3,0.53,85,360,3.68
3.25,2.75,0.58,100,380,3.05
3.6,3.2,0.68,300,395,2.16
3.5,3,0.54,54,280,6.73
3,3,0.58,78.42,NA,NA
3.5,3,0.55,105,370,2.54
4,3.2,0.61,196.86,470,1.4
3,2.5,0.61,46.33,NA,NA
4,3.5,0.4,101.56,NA,NA
2,2,0.83,45.9,360,5.08
3.3,3.1,0.53,148.43,390,1.65
3.5,3,0.44,108,440,0.88
3.5,3,0.49,125,420,2.16
3.5,3,0.5,125,480,2.92
4,3.5,0.39,270.05,600,2.16
3,2.8,0.5,51.34,370,1.91
3.8,3.4,0.43,160.86,350,1.78
3.6,3.2,0.61,285.36,390,2.41
3,3,0.56,73.7,410,2.54
3.2,2.8,0.52,56.06,460,1.14
3,3,0.6,113.62,440,1.14
3.5,3,0.53,137.02,570,1.27
3,2.5,0.62,65.2,350,5.84
3,3,0.57,113.88,385,4.45
2.5,3,0.62,75,410,1.4
3.1,3.1,0.5,151.51,NA,NA
3.5,3,0.5,63.88,430,1.78
3.5,3,0.6,140.78,320,15.2
3.2,2.8,0.73,156.06,340,9.14
3,2.8,0.65,77.38,380,2.03
3,2.8,0.62,79.16,310,12.6
4,3,0.58,312.5,320,10
3,2.8,0.6,76,360,6.6
3.5,3,0.43,50,NA,NA
3,2.8,0.65,82.96,NA,NA
4,3,0.6,144.88,360,1.27
3.5,3,0.58,111,280,15.6
2.8,2.5,0.76,58.33,410,10.8
3.2,2.8,0.57,72.5,390,3.68
3,2.8,0.65,77.1,340,6.22
3,2.8,0.66,77.96,380,1.27
2,2,0.43,10.4,450,NA
2.5,2,0.67,30.5,360,5.97
3.5,3,0.61,170.22,430,1.02
3,3,0.66,108.16,290,9.91
3.3,3.1,0.63,182.22,410,2.54
3.5,3,0.51,114.62,420,4.32
4,3,0.6,182.92,370,7.37
3.2,2.8,0.54,89.64,380,4.45
3.5,3,0.52,70.83,360,6.1
3.3,3.1,0.61,101,410,4.7
3.8,3.2,0.6,187.5,440,7.49
3.6,3.2,0.49,230,420,3.3
3,2.8,0.6,66.46,340,10.7
3,2.8,0.54,60,330,4.06
3,2.8,0.65,110.71,530,2.41
3.5,3,0.52,104,380,1.65
3,2.8,0.59,94.2,380,5.84
3,2.8,0.64,92.58,360,1.65
1,0.6,0.25,540,NA,NA
3,3,0.63,63.07,205,5.84
3.3,3.1,0.49,158.33,380,1.27
3,2.8,0.67,82.7,310,15.7
3.3,2.8,0.45,50,340,1.78
3.5,3,0.51,120.5,NA,NA
3.2,2.5,0.62,70.82,NA,NA
3.2,3,0.57,77,NA,NA
2.8,2.5,0.44,34.48,NA,NA
3.5,3,0.53,139.28,390,4.57
3,2.5,0.69,71.42,340,17.8
3.5,3,0.59,139.63,410,3.81
3.2,2.8,0.58,68.75,310,7.11
3,3,0.61,102.76,660,NA
3.5,3.3,0.53,254.9,410,4.32
2.8,3.1,0.63,80,340,12.7
3,3,0.53,100,660,NA
3.8,3.2,0.54,331.11,390,7.11
3.2,2.8,0.55,115.78,410,4.95
3.2,2.8,0.4,58.88,280,11.6
3.8,3.2,0.43,122.41,450,2.54
2.8,2.8,0.55,67.24,440,1.52
3.5,3,0.52,111.1,260,6.48
3,2.8,0.46,62.5,460,NA
2.8,2.5,0.5,35.28,480,NA
3.2,2.5,0.72,108.42,NA,NA
3.5,3,0.49,125,420,2.16
3.5,3,0.5,125,480,2.92
4,3.5,0.39,270.05,600,2.16
3,2.8,0.5,51.34,370,1.91
3.8,3.4,0.43,160.86,350,1.78
3.6,3.2,0.61,285.36,390,2.41
3,3,0.56,73.7,410,2.54
3.2,2.8,0.52,56.06,460,1.14
3,3,0.6,113.62,440,1.14
3.5,3,0.53,137.02,570,1.27
3,2.5,0.62,65.2,350,5.84
3,3,0.57,113.88,385,4.45
3.5,3.5,0.62,75,410,1.4
3.1,3.1,0.5,151.51,NA,NA
3.5,3,0.5,63.88,430,1.78
3.5,3,0.6,140.78,320,15.2
3.2,2.8,0.73,156.06,340,9.14
3,2.8,0.65,77.38,380,2.03
3,2.8,0.62,79.16,310,12.6
4,3,0.58,312.5,320,10
3,2.8,0.6,76,360,6.6
3.5,3,0.43,50,NA,NA
3,2.8,0.65,82.96,NA,NA
4,3,0.6,144.88,360,1.27
3.5,3,0.58,111,280,15.6
2.8,2.5,0.76,58.33,410,10.8
3.2,2.8,0.57,72.5,390,3.68
3,2.8,0.65,77.1,340,6.22
3,2.8,0.66,77.96,380,1.27
2,2,0.43,10.4,450,NA
2.5,2,0.67,30.5,360,5.97
3.5,3,0.61,170.22,430,1.02
3,3,0.66,108.16,290,9.91
3.3,3.1,0.63,182.22,410,2.54
3.5,3,0.51,114.62,420,4.32
4,3,0.6,182.92,370,7.37
3.2,2.8,0.54,89.64,380,4.45
3.5,3,0.52,70.83,360,6.1
3.3,3.1,0.61,101,410,4.7
3.8,3.2,0.6,187.5,440,7.49
3.6,3.2,0.49,230,420,3.3
3,2.8,0.6,66.46,340,10.7
3,2.8,0.54,60,330,4.06
3,2.8,0.65,110.71,530,2.41
3.5,3,0.52,104,380,1.65
3,2.8,0.59,94.2,380,5.84
3,2.8,0.64,92.58,360,1.65
1,0.6,0.25,540,NA,NA
3,3,0.63,63.07,205,5.84
3.3,3.1,0.49,158.33,380,1.27
3,2.8,0.67,82.7,310,15.7
3.3,2.8,0.45,50,340,1.78
3.5,3,0.51,120.5,NA,NA
3.2,2.5,0.62,70.82,NA,NA
3.2,3,0.57,77,NA,NA
2.8,2.5,0.44,34.48,NA,NA
3.5,3,0.53,139.28,390,4.57
3,2.5,0.69,71.42,340,17.8
3.5,3,0.59,139.63,410,3.81
3.2,2.8,0.58,68.75,310,7.11
3,3,0.61,102.76,660,NA
3.5,3.3,0.53,254.9,410,4.32
2.8,3.1,0.63,80,340,12.7
3,3,0.53,100,660,NA
3.8,3.2,0.54,331.11,390,7.11
3.2,2.8,0.55,115.78,410,4.95
3.2,2.8,0.4,58.88,280,11.6
3.8,3.2,0.43,122.41,450,2.54
3,3,0.55,67.24,440,1.52
3.5,3,0.52,111.1,260,6.48
3.5,3,0.45,133.92,NA,NA
3,3,0.52,62.5,NA,NA
4,3,0.53,245.7,NA,NA
3,3,0.55,80,NA,NA
3,3,0.6,128.78,NA,NA
3,3,0.37,33.33,NA,NA
3.5,3,0.52,90.2,NA,NA
3,3,0.55,74.03,0.889,400
3,3,0.56,105,3.3,430
3,2.5,0.57,77.77,2.16,400
3.5,3,0.69,176.3,1.14,450
3,3,0.63,125,1.78,430
3,2.5,0.69,83.22,1.65,410
3,3,0.67,107.3,8.26,340
3,2.6,0.6,56.8,8.26,360
3.1,2.8,0.64,114.75,9.4,380
3.6,3.2,0.68,300,7.11,380
4,3.3,0.63,400,5.46,410
3.5,3,0.59,113.33,2.03,530
3.5,3,0.5,150,2.41,400
3.6,3.2,0.67,313.32,4.06,400
4.2,3.2,0.52,285.55,7.87,300
3.2,3,0.46,123.52,8.51,370
3.6,3.2,0.51,150,1.52,460
3.6,3.2,0.5,148.36,13.3,390
3.6,3.2,0.57,175,7.75,380
3.6,3.2,0.57,280.26,6.35,370
3.8,3.3,0.59,410,7.11,450
3,2.5,0.64,84.25,NA,620
3,3,0.49,40.47,NA,600
3,2.8,0.35,32.55,NA,580
3,3,0.56,91.8,1.14,430
3.5,3,0.45,76.08,1.02,400
3.6,3.2,0.54,187.5,1.52,450
2.5,2.5,0.37,18.82,3.18,240
3.2,2.8,0.53,44.27,1.14,590
3.8,3.2,0.63,166.66,7.49,510
3.5,3,0.52,83.32,0.762,510
3.6,3.2,0.5,174.7,5.08,390
3.75,3.25,0.48,146.8,1.27,440
3.75,3.25,0.49,180,1.27,470
3.6,3.2,0.63,204.76,0.508,470
2.8,2.5,0.57,40.32,3.43,410
3,3,0.47,75,5.21,470
3.6,3.2,0.55,265.14,6.35,430
3.5,3,0.6,188.68,3.81,480
3.6,3.2,0.49,167.44,2.54,380
3.6,3.2,0.54,272.64,7.75,360
3.5,3,0.52,77.27,3.56,510
4,4,0.48,116.76,7.75,330
3.5,3,0.46,94.44,1.78,530
3,2.5,0.53,43.02,0.635,430
3,2.5,0.61,73.68,4.7,370
3.5,3,0.54,53.37,NA,NA
3.2,3,0.68,197.82,NA,NA
3.5,3,0.55,106.6,2.79,430
3.8,3,0.59,167.5,5.08,310
3.6,3.2,0.63,251.46,5.72,360
3.6,3.2,0.57,225,3.18,410
3,2.5,0.5,40.54,0.635,450
3.2,3,0.66,152.16,3.18,350
3,3,0.52,56.94,1.4,420
3.6,3.2,0.53,179.16,27.4,150
4,3,0.45,131.56,3.18,330
3.2,2.5,0.6,30.88,1.14,350
3,3,0.53,86.1,2.79,200
4,3.5,0.44,314.28,5.72,340
3.6,3.2,0.59,273.9,1.27,380
3.6,3.2,0.54,250,3.94,300
3.6,3.2,0.54,186.78,3.18,400
3.5,3,0.58,116.66,9.4,280
3.5,3,0.62,104.16,13.7,230
2.8,2.5,0.39,13.88,13.7,235
